term,page,page_num,chapter,ch_title,formatted
effect ordering,xii,-12,0,Front Matter,NA
visual thinning,xiii,-13,0,Front Matter,NA
matlib,xiii,-13,0,Front Matter,\texttt{matlib} package
packages!matlib,xiii,-13,0,Front Matter,packages!\texttt{matlib}
car,xiv,-14,0,Front Matter,\texttt{car} package
packages!car,xiv,-14,0,Front Matter,packages!\texttt{car}
ggplot2,xv,-15,0,Front Matter,\texttt{ggplot2} package
packages!ggplot2,xv,-15,0,Front Matter,packages!\texttt{ggplot2}
ggplot2,xv,-15,0,Front Matter,\texttt{ggplot2} package
packages!ggplot2,xv,-15,0,Front Matter,packages!\texttt{ggplot2}
ggplot2,xv,-15,0,Front Matter,\texttt{ggplot2} package
packages!ggplot2,xv,-15,0,Front Matter,packages!\texttt{ggplot2}
car,xvi,-16,0,Front Matter,\texttt{car} package
packages!car,xvi,-16,0,Front Matter,packages!\texttt{car}
heplots,xvi,-16,0,Front Matter,\texttt{heplots} package
packages!heplots,xvi,-16,0,Front Matter,packages!\texttt{heplots}
tinyplot,xvi,-16,0,Front Matter,\texttt{tinyplot} package
packages!tinyplot,xvi,-16,0,Front Matter,packages!\texttt{tinyplot}
ggplot2,xvi,-16,0,Front Matter,\texttt{ggplot2} package
packages!ggplot2,xvi,-16,0,Front Matter,packages!\texttt{ggplot2}
80-20 graphics rule,xvi,-16,0,Front Matter,NA
ggplot2,xvii,-17,0,Front Matter,\texttt{ggplot2} package
packages!ggplot2,xvii,-17,0,Front Matter,packages!\texttt{ggplot2}
ggplot2,xvii,-17,0,Front Matter,\texttt{ggplot2} package
packages!ggplot2,xvii,-17,0,Front Matter,packages!\texttt{ggplot2}
car,xvii,-17,0,Front Matter,\texttt{car} package
packages!car,xvii,-17,0,Front Matter,packages!\texttt{car}
matlib,xvii,-17,0,Front Matter,\texttt{matlib} package
packages!matlib,xvii,-17,0,Front Matter,packages!\texttt{matlib}
ggplot2,xvii,-17,0,Front Matter,\texttt{ggplot2} package
packages!ggplot2,xvii,-17,0,Front Matter,packages!\texttt{ggplot2}
Prestige,xvii,-17,0,Front Matter,\texttt{Prestige} data
datasets!Prestige,xvii,-17,0,Front Matter,datasets!\texttt{Prestige}
carData,xvii,-17,0,Front Matter,\texttt{carData} package
packages!carData,xvii,-17,0,Front Matter,packages!\texttt{carData}
Prestige,xvii,-17,0,Front Matter,\texttt{Prestige} data
datasets!Prestige,xvii,-17,0,Front Matter,datasets!\texttt{Prestige}
carData,xvii,-17,0,Front Matter,\texttt{carData} package
packages!carData,xvii,-17,0,Front Matter,packages!\texttt{carData}
car,xvii,-17,0,Front Matter,\texttt{car} package
packages!car,xvii,-17,0,Front Matter,packages!\texttt{car}
ggeda,xviii,-18,0,Front Matter,\texttt{ggeda} package
packages!ggeda,xviii,-18,0,Front Matter,packages!\texttt{ggeda}
tinytable,xviii,-18,0,Front Matter,\texttt{tinytable} package
packages!tinytable,xviii,-18,0,Front Matter,packages!\texttt{tinytable}
marginaleffects,xviii,-18,0,Front Matter,\texttt{marginaleffects} package
packages!marginaleffects,xviii,-18,0,Front Matter,packages!\texttt{marginaleffects}
tourr,xviii,-18,0,Front Matter,\texttt{tourr} package
packages!tourr,xviii,-18,0,Front Matter,packages!\texttt{tourr}
car,xviii,-18,0,Front Matter,\texttt{car} package
packages!car,xviii,-18,0,Front Matter,packages!\texttt{car}
effects,xviii,-18,0,Front Matter,\texttt{effects} package
packages!effects,xviii,-18,0,Front Matter,packages!\texttt{effects}
easystats,xviii,-18,0,Front Matter,\texttt{easystats} package
packages!easystats,xviii,-18,0,Front Matter,packages!\texttt{easystats}
ggeffects,xviii,-18,0,Front Matter,\texttt{ggeffects} package
packages!ggeffects,xviii,-18,0,Front Matter,packages!\texttt{ggeffects}
rgl,xviii,-18,0,Front Matter,\texttt{rgl} package
packages!rgl,xviii,-18,0,Front Matter,packages!\texttt{rgl}
knitr,xviii,-18,0,Front Matter,\texttt{knitr} package
packages!knitr,xviii,-18,0,Front Matter,packages!\texttt{knitr}
xfun,xviii,-18,0,Front Matter,\texttt{xfun} package
packages!xfun,xviii,-18,0,Front Matter,packages!\texttt{xfun}
tinytex,xviii,-18,0,Front Matter,\texttt{tinytex} package
packages!tinytex,xviii,-18,0,Front Matter,packages!\texttt{tinytex}
Flatland,6,6,1,Warm-up Exercises,\emph{Flatland}
Flatland,8,8,1,Warm-up Exercises,\emph{Flatland}
Pollen,9,9,1,Warm-up Exercises,\texttt{Pollen} data
datasets!Pollen,9,9,1,Warm-up Exercises,datasets!\texttt{Pollen}
HistData,9,9,1,Warm-up Exercises,\texttt{HistData} package
packages!HistData,9,9,1,Warm-up Exercises,packages!\texttt{HistData}
animation,9,9,1,Warm-up Exercises,\texttt{animation} package
packages!animation,9,9,1,Warm-up Exercises,packages!\texttt{animation}
rgl,9,9,1,Warm-up Exercises,\texttt{rgl} package
packages!rgl,9,9,1,Warm-up Exercises,packages!\texttt{rgl}
animation,9,9,1,Warm-up Exercises,\texttt{animation} package
packages!animation,9,9,1,Warm-up Exercises,packages!\texttt{animation}
scagnostics,9,9,1,Warm-up Exercises,\texttt{scagnostics} package
packages!scagnostics,9,9,1,Warm-up Exercises,packages!\texttt{scagnostics}
cassowaryr,9,9,1,Warm-up Exercises,\texttt{cassowaryr} package
packages!cassowaryr,9,9,1,Warm-up Exercises,packages!\texttt{cassowaryr}
PRIM-9,10,10,1,Warm-up Exercises,NA
Structural equation model,15,15,2,Introduction,NA
lm(),17,17,2,Introduction,\texttt{lm()}
data ellipse,18,18,2,Introduction,NA
HE plot,18,18,2,Introduction,NA
principal components analysis,18,18,2,Introduction,NA
canonical correlation,18,18,2,Introduction,NA
projection,18,18,2,Introduction,NA
tinytable,21,21,3,Getting Started,\texttt{tinytable} package
packages!tinytable,21,21,3,Getting Started,packages!\texttt{tinytable}
gt,21,21,3,Getting Started,\texttt{gt} package
packages!gt,21,21,3,Getting Started,packages!\texttt{gt}
pie chart,21,21,3,Getting Started,NA
bar chart,21,21,3,Getting Started,NA
line graph,21,21,3,Getting Started,NA
scatterplot,21,21,3,Getting Started,NA
visual thinking,21,21,3,Getting Started,NA
Anscombe's quartet,22,22,3,Getting Started,NA
quartet!Anscombe,22,22,3,Getting Started,NA
anscombe,22,22,3,Getting Started,\texttt{anscombe} data
datasets!anscombe,22,22,3,Getting Started,datasets!\texttt{anscombe}
datasets,22,22,3,Getting Started,\texttt{datasets} package
packages!datasets,22,22,3,Getting Started,packages!\texttt{datasets}
ggplot(),23,23,3,Getting Started,\texttt{ggplot()}
stat_ellipse(),23,23,3,Getting Started,\texttt{stat\_ellipse()}
data ellipse,23,23,3,Getting Started,NA
pure error,24,24,3,Getting Started,NA
lack of fit,24,24,3,Getting Started,NA
outliers,24,24,3,Getting Started,NA
influence,24,24,3,Getting Started,NA
datasaurus dozen,25,25,3,Getting Started,NA
datasauRus,25,25,3,Getting Started,\texttt{datasauRus} package
packages!datasauRus,25,25,3,Getting Started,packages!\texttt{datasauRus}
datasauRus,25,25,3,Getting Started,\texttt{datasauRus} package
packages!datasauRus,25,25,3,Getting Started,packages!\texttt{datasauRus}
metamer,25,25,3,Getting Started,\texttt{metamer} package
packages!metamer,25,25,3,Getting Started,packages!\texttt{metamer}
causal analysis,25,25,3,Getting Started,NA
quartets,26,26,3,Getting Started,\texttt{quartets} package
packages!quartets,26,26,3,Getting Started,packages!\texttt{quartets}
quartet!causal,26,26,3,Getting Started,NA
quartet!Rashamon,26,26,3,Getting Started,NA
Davis,26,26,3,Getting Started,\texttt{Davis} data
datasets!Davis,26,26,3,Getting Started,datasets!\texttt{Davis}
carData,26,26,3,Getting Started,\texttt{carData} package
packages!carData,26,26,3,Getting Started,packages!\texttt{carData}
influence,27,27,3,Getting Started,NA
ggplot2,27,27,3,Getting Started,\texttt{ggplot2} package
packages!ggplot2,27,27,3,Getting Started,packages!\texttt{ggplot2}
influence,28,28,3,Getting Started,NA
1970 draft lottery,28,28,3,Getting Started,NA
Draft1970,29,29,3,Getting Started,\texttt{Draft1970} data
datasets!Draft1970,29,29,3,Getting Started,datasets!\texttt{Draft1970}
vcdExtra,29,29,3,Getting Started,\texttt{vcdExtra} package
packages!vcdExtra,29,29,3,Getting Started,packages!\texttt{vcdExtra}
1970 draft lottery,31,31,3,Getting Started,NA
loess,31,31,3,Getting Started,NA
smoother!loess,31,31,3,Getting Started,NA
ggbreak,32,32,3,Getting Started,\texttt  {ggbreak} package
packages!ggbreak,32,32,3,Getting Started,packages!\texttt  {ggbreak}
sample(),34,34,3,Getting Started,\texttt{sample()}
data plots,35,35,3,Getting Started,NA
reconnaissance plots,35,35,3,Getting Started,NA
multivariate juicer,35,35,3,Getting Started,NA
dimension reduction,35,35,3,Getting Started,NA
canonical space,35,35,3,Getting Started,NA
uncertainty,35,35,3,Getting Started,NA
model plots,35,35,3,Getting Started,NA
added-variable plots,35,35,3,Getting Started,NA
effect plots,35,35,3,Getting Started,NA
diagnostic plots,35,35,3,Getting Started,NA
lm(),35,35,3,Getting Started,\texttt{lm()}
"Tukey, John",41,41,4,Plots of Multivariate Data,NA
quartet!Anscombe,41,41,4,Plots of Multivariate Data,NA
scatterplot matrix,42,42,4,Plots of Multivariate Data,NA
smoother,42,42,4,Plots of Multivariate Data,NA
data ellipse,42,42,4,Plots of Multivariate Data,NA
stratifier,42,42,4,Plots of Multivariate Data,NA
uncertainty,42,42,4,Plots of Multivariate Data,NA
Salaries,43,43,4,Plots of Multivariate Data,\texttt{Salaries} data
datasets!Salaries,43,43,4,Plots of Multivariate Data,datasets!\texttt{Salaries}
carData,43,43,4,Plots of Multivariate Data,\texttt{carData} package
packages!carData,43,43,4,Plots of Multivariate Data,packages!\texttt{carData}
smoother,44,44,4,Plots of Multivariate Data,NA
ggplot2,44,44,4,Plots of Multivariate Data,\texttt{ggplot2} package
packages!ggplot2,44,44,4,Plots of Multivariate Data,packages!\texttt{ggplot2}
uncertainty,45,45,4,Plots of Multivariate Data,NA
precision,45,45,4,Plots of Multivariate Data,NA
smoother!non-parametric,45,45,4,Plots of Multivariate Data,NA
loess,45,45,4,Plots of Multivariate Data,NA
lowess,45,45,4,Plots of Multivariate Data,NA
geom_smooth(),45,45,4,Plots of Multivariate Data,\texttt  {geom\_smooth()}
confidence!interval,45,45,4,Plots of Multivariate Data,NA
confidence!band,45,45,4,Plots of Multivariate Data,NA
confidence!pointwise,45,45,4,Plots of Multivariate Data,NA
smoother,46,46,4,Plots of Multivariate Data,NA
stratifier,47,47,4,Plots of Multivariate Data,NA
shingle,47,47,4,Plots of Multivariate Data,NA
visual thinking,47,47,4,Plots of Multivariate Data,NA
trellis plots,48,48,4,Plots of Multivariate Data,NA
lattice,48,48,4,Plots of Multivariate Data,\texttt{lattice} package
packages!lattice,48,48,4,Plots of Multivariate Data,packages!\texttt{lattice}
panel.smoother(),48,48,4,Plots of Multivariate Data,\texttt{panel.smoother()}
car,48,48,4,Plots of Multivariate Data,\texttt{car} package
packages!car,48,48,4,Plots of Multivariate Data,packages!\texttt{car}
ggplot2,48,48,4,Plots of Multivariate Data,\texttt{ggplot2} package
packages!ggplot2,48,48,4,Plots of Multivariate Data,packages!\texttt{ggplot2}
lme4,48,48,4,Plots of Multivariate Data,\texttt{lme4} package
packages!lme4,48,48,4,Plots of Multivariate Data,packages!\texttt{lme4}
nlme,48,48,4,Plots of Multivariate Data,\texttt{nlme} package
packages!nlme,48,48,4,Plots of Multivariate Data,packages!\texttt{nlme}
brms,48,48,4,Plots of Multivariate Data,\texttt{brms} package
packages!brms,48,48,4,Plots of Multivariate Data,packages!\texttt{brms}
mixed models,48,48,4,Plots of Multivariate Data,NA
Formula,48,48,4,Plots of Multivariate Data,\texttt{Formula} package
packages!Formula,48,48,4,Plots of Multivariate Data,packages!\texttt{Formula}
ivreg,48,48,4,Plots of Multivariate Data,\texttt{ivreg} package
packages!ivreg,48,48,4,Plots of Multivariate Data,packages!\texttt{ivreg}
pscl,48,48,4,Plots of Multivariate Data,\texttt{pscl} package
packages!pscl,48,48,4,Plots of Multivariate Data,packages!\texttt{pscl}
geom_smooth(),48,48,4,Plots of Multivariate Data,\texttt{geom\_smooth()}
conditioning,51,51,4,Plots of Multivariate Data,NA
faceting,51,51,4,Plots of Multivariate Data,NA
facet_wrap(),51,51,4,Plots of Multivariate Data,\texttt{facet\_wrap()}
conditioning,52,52,4,Plots of Multivariate Data,NA
stratifier,52,52,4,Plots of Multivariate Data,NA
data ellipse,52,52,4,Plots of Multivariate Data,NA
Mahalanobis distance,53,53,4,Plots of Multivariate Data,NA
ellipse(),55,55,4,Plots of Multivariate Data,\texttt{ellipse()}
stat_ellipse(),55,55,4,Plots of Multivariate Data,\texttt{stat\_ellipse()}
ellipse.label(),55,55,4,Plots of Multivariate Data,\texttt{ellipse.label()}
plotmath(),56,56,4,Plots of Multivariate Data,\texttt{plotmath()}
principal components,57,57,4,Plots of Multivariate Data,NA
ellipses,57,57,4,Plots of Multivariate Data,NA
dataEllipse(),59,59,4,Plots of Multivariate Data,\texttt{dataEllipse()}
scatterplot(),59,59,4,Plots of Multivariate Data,\texttt{scatterplot()}
car,59,59,4,Plots of Multivariate Data,\texttt{car} package
packages!car,59,59,4,Plots of Multivariate Data,packages!\texttt{car}
dataEllipse(),59,59,4,Plots of Multivariate Data,\texttt{dataEllipse()}
covEllipses(),59,59,4,Plots of Multivariate Data,\texttt{covEllipses()}
stat_ellipse(),60,60,4,Plots of Multivariate Data,\texttt{stat\_ellipse()}
dataEllipse(),60,60,4,Plots of Multivariate Data,\texttt{dataEllipse()}
Prestige,60,60,4,Plots of Multivariate Data,\texttt{Prestige} data
datasets!Prestige,60,60,4,Plots of Multivariate Data,datasets!\texttt{Prestige}
scatterplot(),60,60,4,Plots of Multivariate Data,\texttt{scatterplot()}
stratifier,63,63,4,Plots of Multivariate Data,NA
stratifier,64,64,4,Plots of Multivariate Data,NA
palmerpenguins,65,65,4,Plots of Multivariate Data,\texttt{palmerpenguins} package
packages!palmerpenguins,65,65,4,Plots of Multivariate Data,packages!\texttt{palmerpenguins}
peng,65,65,4,Plots of Multivariate Data,\texttt{peng} data
datasets!peng,65,65,4,Plots of Multivariate Data,datasets!\texttt{peng}
heplots,65,65,4,Plots of Multivariate Data,\texttt{heplots} package
packages!heplots,65,65,4,Plots of Multivariate Data,packages!\texttt{heplots}
penguins,66,66,4,Plots of Multivariate Data,\texttt  {penguins} data
datasets!penguins,66,66,4,Plots of Multivariate Data,datasets!\texttt  {penguins}
datasets,66,66,4,Plots of Multivariate Data,\texttt  {datasets} package
packages!datasets,66,66,4,Plots of Multivariate Data,packages!\texttt  {datasets}
peng,66,66,4,Plots of Multivariate Data,\texttt  {peng} data
datasets!peng,66,66,4,Plots of Multivariate Data,datasets!\texttt  {peng}
heplots,66,66,4,Plots of Multivariate Data,\texttt  {heplots} package
packages!heplots,66,66,4,Plots of Multivariate Data,packages!\texttt  {heplots}
theme_penguins(),68,68,4,Plots of Multivariate Data,\texttt{theme\_penguins()}
legend_inside(),68,68,4,Plots of Multivariate Data,\texttt{legend\_inside()}
visual thinning,68,68,4,Plots of Multivariate Data,NA
data ellipse,69,69,4,Plots of Multivariate Data,NA
visual thinning,69,69,4,Plots of Multivariate Data,NA
bagplot,70,70,4,Plots of Multivariate Data,NA
depth,70,70,4,Plots of Multivariate Data,NA
gggda,70,70,4,Plots of Multivariate Data,\texttt{gggda} package
packages!gggda,70,70,4,Plots of Multivariate Data,packages!\texttt{gggda}
stat_bagplot(),70,70,4,Plots of Multivariate Data,\texttt{stat\_bagplot()}
outliers,70,70,4,Plots of Multivariate Data,NA
bagplot,70,70,4,Plots of Multivariate Data,NA
non-parametric!bivariate density plot,71,71,4,Plots of Multivariate Data,NA
bivariate density plot,71,71,4,Plots of Multivariate Data,NA
density(),71,71,4,Plots of Multivariate Data,\texttt{density()}
geom_density(),71,71,4,Plots of Multivariate Data,\texttt{geom\_density()}
kde2d(),71,71,4,Plots of Multivariate Data,\texttt{kde2d()}
geom_density_2d(),71,71,4,Plots of Multivariate Data,\texttt{geom\_density\_2d()}
kde2d(),71,71,4,Plots of Multivariate Data,\texttt{kde2d()}
ggdensity,71,71,4,Plots of Multivariate Data,\texttt{ggdensity} package
packages!ggdensity,71,71,4,Plots of Multivariate Data,packages!\texttt{ggdensity}
geom_hdr(),71,71,4,Plots of Multivariate Data,\texttt{geom\_hdr()}
high density region,71,71,4,Plots of Multivariate Data,NA
geom_density_2d(),71,71,4,Plots of Multivariate Data,\texttt{geom\_density\_2d()}
geom_hdr(),71,71,4,Plots of Multivariate Data,\texttt{geom\_hdr()}
non-parametric!bivariate density plot,72,72,4,Plots of Multivariate Data,NA
bivariate density plot,72,72,4,Plots of Multivariate Data,NA
Simpson's paradox,73,73,4,Plots of Multivariate Data,NA
Simpson's paradox,74,74,4,Plots of Multivariate Data,NA
multivariate normality,74,74,4,Plots of Multivariate Data,NA
outliers,74,74,4,Plots of Multivariate Data,NA
$\chi^2$ QQ plot,74,74,4,Plots of Multivariate Data,NA
Mahalanobis(),75,75,4,Plots of Multivariate Data,\texttt{Mahalanobis()}
cqplot(),75,75,4,Plots of Multivariate Data,\texttt{cqplot()}
uncertainty,76,76,4,Plots of Multivariate Data,NA
geom_text(),78,78,4,Plots of Multivariate Data,\texttt{geom\_text()}
multivariate normality,80,80,4,Plots of Multivariate Data,NA
outliers,80,80,4,Plots of Multivariate Data,NA
scatterplot matrix,80,80,4,Plots of Multivariate Data,NA
scatterplotMatrix(),80,80,4,Plots of Multivariate Data,\texttt{scatterplotMatrix()}
hue_pal(),81,81,4,Plots of Multivariate Data,\texttt{hue\_pal()}
visual thinning,85,85,4,Plots of Multivariate Data,NA
visual thinning,85,85,4,Plots of Multivariate Data,NA
scatterplot matrix,85,85,4,Plots of Multivariate Data,NA
corrgram,86,86,4,Plots of Multivariate Data,NA
corrgram,87,87,4,Plots of Multivariate Data,\texttt{corrgram} package
packages!corrgram,87,87,4,Plots of Multivariate Data,packages!\texttt{corrgram}
corrplot,87,87,4,Plots of Multivariate Data,\texttt{corrplot} package
packages!corrplot,87,87,4,Plots of Multivariate Data,packages!\texttt{corrplot}
corrgram(),87,87,4,Plots of Multivariate Data,\texttt{corrgram()}
corrplot,87,87,4,Plots of Multivariate Data,\texttt{corrplot} package
packages!corrplot,87,87,4,Plots of Multivariate Data,packages!\texttt{corrplot}
corrgram,90,90,4,Plots of Multivariate Data,NA
scatterplot matrix!generalized,90,90,4,Plots of Multivariate Data,NA
vcd,90,90,4,Plots of Multivariate Data,\texttt{vcd} package
packages!vcd,90,90,4,Plots of Multivariate Data,packages!\texttt{vcd}
vcdExtra,90,90,4,Plots of Multivariate Data,\texttt{vcdExtra} package
packages!vcdExtra,90,90,4,Plots of Multivariate Data,packages!\texttt{vcdExtra}
pairs(),90,90,4,Plots of Multivariate Data,\texttt{pairs()}
GGally,92,92,4,Plots of Multivariate Data,\texttt{GGally} package
packages!GGally,92,92,4,Plots of Multivariate Data,packages!\texttt{GGally}
Simpson's paradox,92,92,4,Plots of Multivariate Data,NA
ggpairs(),93,93,4,Plots of Multivariate Data,\texttt{ggpairs()}
ggally_cor(),93,93,4,Plots of Multivariate Data,\texttt{ggally\_cor()}
ggally_points(),94,94,4,Plots of Multivariate Data,\texttt{ggally\_points()}
ggally_densityDiag(),94,94,4,Plots of Multivariate Data,\texttt{ggally\_densityDiag()}
ggally_barDiag(),94,94,4,Plots of Multivariate Data,\texttt{ggally\_barDiag()}
scatterplot matrix!generalized,95,95,4,Plots of Multivariate Data,NA
parallel coordinate plots,95,95,4,Plots of Multivariate Data,NA
ggpcp,96,96,4,Plots of Multivariate Data,\texttt{ggpcp} package
packages!ggpcp,96,96,4,Plots of Multivariate Data,packages!\texttt{ggpcp}
pcp_select(),97,97,4,Plots of Multivariate Data,\texttt{pcp\_select()}
pcp_scale(),97,97,4,Plots of Multivariate Data,\texttt{pcp\_scale()}
pcp_arrange(),97,97,4,Plots of Multivariate Data,\texttt{pcp\_arrange()}
parcoord(),97,97,4,Plots of Multivariate Data,\texttt  {parcoord()}
ggparcoord(),97,97,4,Plots of Multivariate Data,\texttt  {ggparcoord()}
pcp(),97,97,4,Plots of Multivariate Data,\texttt  {pcp()}
ggpcp,97,97,4,Plots of Multivariate Data,\texttt  {ggpcp} package
packages!ggpcp,97,97,4,Plots of Multivariate Data,packages!\texttt  {ggpcp}
ordering!variables,98,98,4,Plots of Multivariate Data,NA
parallel coordinate plots,98,98,4,Plots of Multivariate Data,NA
outliers,99,99,4,Plots of Multivariate Data,NA
clusters,99,99,4,Plots of Multivariate Data,NA
PRIM-9,99,99,4,Plots of Multivariate Data,NA
grand tour,99,99,4,Plots of Multivariate Data,NA
projection,100,100,4,Plots of Multivariate Data,NA
len(),103,103,4,Plots of Multivariate Data,\texttt{len()}
biplot,104,104,4,Plots of Multivariate Data,NA
projection,104,104,4,Plots of Multivariate Data,NA
grand tour,105,105,4,Plots of Multivariate Data,NA
guided tour,105,105,4,Plots of Multivariate Data,NA
projection pursuit,105,105,4,Plots of Multivariate Data,NA
tourr,106,106,4,Plots of Multivariate Data,\texttt{tourr} package
packages!tourr,106,106,4,Plots of Multivariate Data,packages!\texttt{tourr}
tourr,106,106,4,Plots of Multivariate Data,\texttt{tourr} package
packages!tourr,106,106,4,Plots of Multivariate Data,packages!\texttt{tourr}
Mahalanobis distance,107,107,4,Plots of Multivariate Data,NA
guided tour,107,107,4,Plots of Multivariate Data,NA
animation!grand tour,108,108,4,Plots of Multivariate Data,NA
tourr,110,110,4,Plots of Multivariate Data,\texttt{tourr} package
packages!tourr,110,110,4,Plots of Multivariate Data,packages!\texttt{tourr}
liminal,110,110,4,Plots of Multivariate Data,\texttt{liminal} package
packages!liminal,110,110,4,Plots of Multivariate Data,packages!\texttt{liminal}
loon,110,110,4,Plots of Multivariate Data,\texttt{loon} package
packages!loon,110,110,4,Plots of Multivariate Data,packages!\texttt{loon}
network diagram,110,110,4,Plots of Multivariate Data,NA
bfi,110,110,4,Plots of Multivariate Data,\texttt{bfi} data
datasets!bfi,110,110,4,Plots of Multivariate Data,datasets!\texttt{bfi}
psych,110,110,4,Plots of Multivariate Data,\texttt{psych} package
packages!psych,110,110,4,Plots of Multivariate Data,packages!\texttt{psych}
graphical LASSO,111,111,4,Plots of Multivariate Data,NA
igraph,112,112,4,Plots of Multivariate Data,\texttt{igraph} package
packages!igraph,112,112,4,Plots of Multivariate Data,packages!\texttt{igraph}
ggraph,112,112,4,Plots of Multivariate Data,\texttt{ggraph} package
packages!ggraph,112,112,4,Plots of Multivariate Data,packages!\texttt{ggraph}
qgraph,112,112,4,Plots of Multivariate Data,\texttt{qgraph} package
packages!qgraph,112,112,4,Plots of Multivariate Data,packages!\texttt{qgraph}
network diagram,113,113,4,Plots of Multivariate Data,NA
partial correlation,113,113,4,Plots of Multivariate Data,NA
graphical gaussian model,113,113,4,Plots of Multivariate Data,NA
conditional independence,113,113,4,Plots of Multivariate Data,NA
precision matrix,114,114,4,Plots of Multivariate Data,NA
partial correlation!visualization,114,114,4,Plots of Multivariate Data,NA
partial variables plot,114,114,4,Plots of Multivariate Data,NA
dataEllipse(),115,115,4,Plots of Multivariate Data,\texttt{dataEllipse()}
partial variables plot,116,116,4,Plots of Multivariate Data,NA
partial correlation,116,116,4,Plots of Multivariate Data,NA
Flatland,119,119,5,Dimension Reduction,\emph{Flatland}
multivariate juicer,120,120,5,Dimension Reduction,NA
data space,120,120,5,Dimension Reduction,NA
projection,120,120,5,Dimension Reduction,NA
principal components analysis,120,120,5,Dimension Reduction,NA
biplot,120,120,5,Dimension Reduction,NA
multivariate juicer,121,121,5,Dimension Reduction,NA
principal components analysis,122,122,5,Dimension Reduction,NA
PCA,122,122,5,Dimension Reduction,NA
principal components analysis!springs,124,124,5,Dimension Reduction,NA
principal components analysis!geometry,125,125,5,Dimension Reduction,NA
workers,126,126,5,Dimension Reduction,\texttt{workers} data
datasets!workers,126,126,5,Dimension Reduction,datasets!\texttt{workers}
matlib,128,128,5,Dimension Reduction,\texttt{matlib} package
packages!matlib,128,128,5,Dimension Reduction,packages!\texttt{matlib}
ellipse.axes(),129,129,5,Dimension Reduction,\texttt{ellipse.axes()}
prcomp(),130,130,5,Dimension Reduction,\texttt{prcomp()}
princomp(),130,130,5,Dimension Reduction,\texttt{princomp()}
PCA(),130,130,5,Dimension Reduction,\texttt{PCA()}
FactoMineR,130,130,5,Dimension Reduction,\texttt{FactoMineR} package
packages!FactoMineR,130,130,5,Dimension Reduction,packages!\texttt{FactoMineR}
tidy(),133,133,5,Dimension Reduction,\texttt{tidy()}
plot(),133,133,5,Dimension Reduction,\texttt{plot()}
ggscreeplot(),133,133,5,Dimension Reduction,\texttt{ggscreeplot()}
augment(),135,135,5,Dimension Reduction,\texttt{augment()}
coord_fixed(),135,135,5,Dimension Reduction,\texttt{coord\_fixed()}
geom_segment(),137,137,5,Dimension Reduction,\texttt{geom\_segment()}
geom_text(),137,137,5,Dimension Reduction,\texttt{geom\_text()}
coord_fixed(),137,137,5,Dimension Reduction,\texttt{coord\_fixed()}
principal components analysis,139,139,5,Dimension Reduction,NA
biplot,139,139,5,Dimension Reduction,NA
singular value decomposition,140,140,5,Dimension Reduction,NA
SVD,140,140,5,Dimension Reduction,NA
biplot(),141,141,5,Dimension Reduction,\texttt{biplot()}
factoextra,142,142,5,Dimension Reduction,\texttt{factoextra} package
packages!factoextra,142,142,5,Dimension Reduction,packages!\texttt{factoextra}
FactoMineR,142,142,5,Dimension Reduction,\texttt{FactoMineR} package
packages!FactoMineR,142,142,5,Dimension Reduction,packages!\texttt{FactoMineR}
fviz_pca(),142,142,5,Dimension Reduction,\texttt{fviz\_pca()}
fviz_ca(),142,142,5,Dimension Reduction,\texttt{fviz\_ca()}
fviz_mca(),142,142,5,Dimension Reduction,\texttt{fviz\_mca()}
fviz_famd(),142,142,5,Dimension Reduction,\texttt{fviz\_famd()}
fviz_cluster(),142,142,5,Dimension Reduction,\texttt{fviz\_cluster()}
adegraphics,142,142,5,Dimension Reduction,\texttt{adegraphics} package
packages!adegraphics,142,142,5,Dimension Reduction,packages!\texttt{adegraphics}
lattice,142,142,5,Dimension Reduction,\texttt{lattice} package
packages!lattice,142,142,5,Dimension Reduction,packages!\texttt{lattice}
ggbiplot,142,142,5,Dimension Reduction,\texttt{ggbiplot} package
packages!ggbiplot,142,142,5,Dimension Reduction,packages!\texttt{ggbiplot}
factoextra,142,142,5,Dimension Reduction,\texttt{factoextra} package
packages!factoextra,142,142,5,Dimension Reduction,packages!\texttt{factoextra}
get_pca_var(),145,145,5,Dimension Reduction,\texttt{get\_pca\_var()}
fviz_contrib(),145,145,5,Dimension Reduction,\texttt{fviz\_contrib()}
fviz_cos2(),145,145,5,Dimension Reduction,\texttt{fviz\_cos2()}
PCA(),148,148,5,Dimension Reduction,\texttt{PCA()}
plot(),149,149,5,Dimension Reduction,\texttt{plot()}
fviz_pca_var(),149,149,5,Dimension Reduction,\texttt{fviz\_pca\_var()}
fviz_pca_biplot(),149,149,5,Dimension Reduction,\texttt{fviz\_pca\_biplot()}
plot(),149,149,5,Dimension Reduction,\texttt{plot()}
Diabetes,150,150,5,Dimension Reduction,\texttt{Diabetes} data
datasets!Diabetes,150,150,5,Dimension Reduction,datasets!\texttt{Diabetes}
scatter3d(),150,150,5,Dimension Reduction,\texttt{scatter3d()}
PRIM-9,150,150,5,Dimension Reduction,NA
scatter3d(),150,150,5,Dimension Reduction,\texttt{scatter3d()}
rgl,150,150,5,Dimension Reduction,\texttt{rgl} package
packages!rgl,150,150,5,Dimension Reduction,packages!\texttt{rgl}
spin3d(),150,150,5,Dimension Reduction,\texttt{spin3d()}
PRIM-9,151,151,5,Dimension Reduction,NA
geom_label(),152,152,5,Dimension Reduction,\texttt{geom\_label()}
biplot,153,153,5,Dimension Reduction,NA
multidimensional scaling,153,153,5,Dimension Reduction,NA
MDS,153,153,5,Dimension Reduction,NA
dist(),154,154,5,Dimension Reduction,\texttt{dist()}
isoMDS(),154,154,5,Dimension Reduction,\texttt{isoMDS()}
vegan,154,154,5,Dimension Reduction,\texttt  {vegan} package
packages!vegan,154,154,5,Dimension Reduction,packages!\texttt  {vegan}
metaMDS(),154,154,5,Dimension Reduction,\texttt  {metaMDS()}
ggscatter(),155,155,5,Dimension Reduction,\texttt{ggscatter()}
multidimensional scaling,156,156,5,Dimension Reduction,NA
t-SNE,156,156,5,Dimension Reduction,NA
Rtsne,158,158,5,Dimension Reduction,\texttt{Rtsne} package
packages!Rtsne,158,158,5,Dimension Reduction,packages!\texttt{Rtsne}
Rtsne(),158,158,5,Dimension Reduction,\texttt{Rtsne()}
gganimate,160,160,5,Dimension Reduction,\texttt{gganimate} package
packages!gganimate,160,160,5,Dimension Reduction,packages!\texttt{gganimate}
transition_states(),160,160,5,Dimension Reduction,\texttt{transition\_states()}
t-SNE,161,161,5,Dimension Reduction,NA
effect ordering,161,161,5,Dimension Reduction,NA
ordering!variables,161,161,5,Dimension Reduction,NA
seriation,161,161,5,Dimension Reduction,\texttt  {seriation} package
packages!seriation,161,161,5,Dimension Reduction,packages!\texttt  {seriation}
corrRect(),163,163,5,Dimension Reduction,\texttt{corrRect()}
effect ordering,164,164,5,Dimension Reduction,NA
ordering!variables,164,164,5,Dimension Reduction,NA
eigenfaces,164,164,5,Dimension Reduction,NA
load.image(),166,166,5,Dimension Reduction,\texttt{load.image()}
pivot_wider(),167,167,5,Dimension Reduction,\texttt{pivot\_wider()}
approx_pca(),168,168,5,Dimension Reduction,\texttt{approx\_pca()}
approx_pca(),169,169,5,Dimension Reduction,\texttt{approx\_pca()}
geom_raster(),169,169,5,Dimension Reduction,\texttt{geom\_raster()}
facet_wrap(),169,169,5,Dimension Reduction,\texttt{facet\_wrap()}
eigenfaces,170,170,5,Dimension Reduction,NA
outliers,171,171,5,Dimension Reduction,NA
interpPlot(),171,171,5,Dimension Reduction,\texttt{interpPlot()}
outliers,174,174,5,Dimension Reduction,NA
lm(),179,179,6,Overview of Linear models,\texttt{lm()}
lm(),179,179,6,Overview of Linear models,\texttt{lm()}
glm(),179,179,6,Overview of Linear models,\texttt{glm()}
general linear model,182,182,6,Overview of Linear models,NA
general linear model,183,183,6,Overview of Linear models,NA
model formulas,183,183,6,Overview of Linear models,NA
lm(),183,183,6,Overview of Linear models,\texttt{lm()}
glm(),183,183,6,Overview of Linear models,\texttt{glm()}
I(),184,184,6,Overview of Linear models,\texttt{I()}
poly(),184,184,6,Overview of Linear models,\texttt{poly()}
model formulas,184,184,6,Overview of Linear models,NA
geom_smooth(),184,184,6,Overview of Linear models,\texttt{geom\_smooth()}
poly(),185,185,6,Overview of Linear models,\texttt{poly()}
poly(),185,185,6,Overview of Linear models,\texttt{poly()}
model formulas!factors,186,186,6,Overview of Linear models,NA
factors,186,186,6,Overview of Linear models,NA
model formulas!crossing,186,186,6,Overview of Linear models,NA
model formulas!powers,186,186,6,Overview of Linear models,NA
terms(),187,187,6,Overview of Linear models,\texttt{terms()}
model formulas!model matrices,187,187,6,Overview of Linear models,NA
lm(),187,187,6,Overview of Linear models,\texttt{lm()}
factors,189,189,6,Overview of Linear models,NA
contrasts,189,189,6,Overview of Linear models,NA
codingMatrices,189,189,6,Overview of Linear models,\texttt{codingMatrices} package
packages!codingMatrices,189,189,6,Overview of Linear models,packages!\texttt{codingMatrices}
contrasts(),189,189,6,Overview of Linear models,\texttt{contrasts()}
relevel(),189,189,6,Overview of Linear models,\texttt{relevel()}
reorder(),189,189,6,Overview of Linear models,\texttt{reorder()}
contrasts!treatment coding,190,190,6,Overview of Linear models,NA
contrasts!treatment coding,191,191,6,Overview of Linear models,NA
contrasts!deviation coding,191,191,6,Overview of Linear models,NA
contrasts!deviation coding,191,191,6,Overview of Linear models,NA
contrasts!Helmert,191,191,6,Overview of Linear models,NA
Helmert contrasts,191,191,6,Overview of Linear models,NA
factors!ordered,191,191,6,Overview of Linear models,NA
contrasts!polynomial,192,192,6,Overview of Linear models,NA
contrasts!polynomial,193,193,6,Overview of Linear models,NA
contrasts!orthogonal,194,194,6,Overview of Linear models,NA
contrasts!nested dichotomies,194,194,6,Overview of Linear models,NA
contrasts,196,196,6,Overview of Linear models,NA
coefficient plots,197,197,7,Plots for Univariate Response Models,NA
added-variable plots,197,197,7,Plots for Univariate Response Models,NA
collinearity,198,198,7,Plots for Univariate Response Models,NA
car,198,198,7,Plots for Univariate Response Models,\texttt{car} package
packages!car,198,198,7,Plots for Univariate Response Models,packages!\texttt{car}
regression quartet,198,198,7,Plots for Univariate Response Models,NA
quartet!regression,198,198,7,Plots for Univariate Response Models,NA
car,199,199,7,Plots for Univariate Response Models,\texttt{car} package
packages!car,199,199,7,Plots for Univariate Response Models,packages!\texttt{car}
performance,199,199,7,Plots for Univariate Response Models,\texttt{performance} package
packages!performance,199,199,7,Plots for Univariate Response Models,packages!\texttt{performance}
easystats,199,199,7,Plots for Univariate Response Models,\texttt{easystats} package
packages!easystats,199,199,7,Plots for Univariate Response Models,packages!\texttt{easystats}
regression quartet,199,199,7,Plots for Univariate Response Models,NA
quartet!regression,199,199,7,Plots for Univariate Response Models,NA
Duncan occupational prestige,199,199,7,Plots for Univariate Response Models,NA
model_parameters(),200,200,7,Plots for Univariate Response Models,\texttt{model\_parameters()}
linearHypothesis(),200,200,7,Plots for Univariate Response Models,\texttt{linearHypothesis()}
Wald test,201,201,7,Plots for Univariate Response Models,NA
Duncan occupational prestige,202,202,7,Plots for Univariate Response Models,NA
regression quartet,202,202,7,Plots for Univariate Response Models,NA
diagnostic plots,202,202,7,Plots for Univariate Response Models,NA
check_model(),203,203,7,Plots for Univariate Response Models,\texttt{check\_model()}
car,203,203,7,Plots for Univariate Response Models,\texttt{car} package
packages!car,203,203,7,Plots for Univariate Response Models,packages!\texttt{car}
diagnostic plots,203,203,7,Plots for Univariate Response Models,NA
Canadian occupational prestige,203,203,7,Plots for Univariate Response Models,NA
Prestige,203,203,7,Plots for Univariate Response Models,\texttt{Prestige} data
datasets!Prestige,203,203,7,Plots for Univariate Response Models,datasets!\texttt{Prestige}
ordering!factor levels,204,204,7,Plots for Univariate Response Models,NA
Canadian occupational prestige,206,206,7,Plots for Univariate Response Models,NA
coeftest(),207,207,7,Plots for Univariate Response Models,\texttt{coeftest()}
tidy(),207,207,7,Plots for Univariate Response Models,\texttt{tidy()}
modelsummary,207,207,7,Plots for Univariate Response Models,\texttt{modelsummary} package
packages!modelsummary,207,207,7,Plots for Univariate Response Models,packages!\texttt{modelsummary}
get_gof(),208,208,7,Plots for Univariate Response Models,\texttt{get\_gof()}
coefficient plots,208,208,7,Plots for Univariate Response Models,NA
scale_y_discrete(),209,209,7,Plots for Univariate Response Models,\texttt{scale\_y\_discrete()}
ggstats,211,211,7,Plots for Univariate Response Models,\texttt{ggstats} package
packages!ggstats,211,211,7,Plots for Univariate Response Models,packages!\texttt{ggstats}
ggcoef_model(),211,211,7,Plots for Univariate Response Models,\texttt{ggcoef\_model()}
ggcoef_compare(),211,211,7,Plots for Univariate Response Models,\texttt{ggcoef\_compare()}
ggcoef_model(),213,213,7,Plots for Univariate Response Models,\texttt{ggcoef\_model()}
coefficient plots,213,213,7,Plots for Univariate Response Models,NA
added-variable plots,214,214,7,Plots for Univariate Response Models,NA
coffee,214,214,7,Plots for Univariate Response Models,\texttt{coffee} data
datasets!coffee,214,214,7,Plots for Univariate Response Models,datasets!\texttt{coffee}
matlib,214,214,7,Plots for Univariate Response Models,\texttt{matlib} package
packages!matlib,214,214,7,Plots for Univariate Response Models,packages!\texttt{matlib}
lsfit(),216,216,7,Plots for Univariate Response Models,\texttt{lsfit()}
avPlot(),217,217,7,Plots for Univariate Response Models,\texttt{avPlot()}
avPlots(),217,217,7,Plots for Univariate Response Models,\texttt{avPlots()}
added-variable plots,218,218,7,Plots for Univariate Response Models,NA
marginal--conditional plots,218,218,7,Plots for Univariate Response Models,NA
mcPlot(),218,218,7,Plots for Univariate Response Models,\texttt{mcPlot()}
mcPlots(),218,218,7,Plots for Univariate Response Models,\texttt{mcPlots()}
Simpson's paradox,218,218,7,Plots for Univariate Response Models,NA
component + residual plots,221,221,7,Plots for Univariate Response Models,NA
crPlots(),221,221,7,Plots for Univariate Response Models,\texttt{crPlots()}
crPlot(),221,221,7,Plots for Univariate Response Models,\texttt{crPlot()}
effect plots,224,224,7,Plots for Univariate Response Models,NA
ggeffects,225,225,7,Plots for Univariate Response Models,\texttt{ggeffects} package
packages!ggeffects,225,225,7,Plots for Univariate Response Models,packages!\texttt{ggeffects}
marginaleffects,225,225,7,Plots for Univariate Response Models,\texttt{marginaleffects} package
packages!marginaleffects,225,225,7,Plots for Univariate Response Models,packages!\texttt{marginaleffects}
effects,225,225,7,Plots for Univariate Response Models,\texttt{effects} package
packages!effects,225,225,7,Plots for Univariate Response Models,packages!\texttt{effects}
lattice,225,225,7,Plots for Univariate Response Models,\texttt{lattice} package
packages!lattice,225,225,7,Plots for Univariate Response Models,packages!\texttt{lattice}
effect plots,229,229,7,Plots for Univariate Response Models,NA
outliers,230,230,7,Plots for Univariate Response Models,NA
leverage,230,230,7,Plots for Univariate Response Models,NA
influence,230,230,7,Plots for Univariate Response Models,NA
Mahalanobis distance,231,231,7,Plots for Univariate Response Models,NA
leverage-influence quartet,231,231,7,Plots for Univariate Response Models,NA
quartet!leverage-influence,231,231,7,Plots for Univariate Response Models,NA
geom_smooth(),232,232,7,Plots for Univariate Response Models,\texttt{geom\_smooth()}
leverage-influence quartet,233,233,7,Plots for Univariate Response Models,NA
quartet!leverage-influence,233,233,7,Plots for Univariate Response Models,NA
Mahalanobis(),235,235,7,Plots for Univariate Response Models,\texttt{Mahalanobis()}
outliers,238,238,7,Plots for Univariate Response Models,NA
leverage,238,238,7,Plots for Univariate Response Models,NA
influence,238,238,7,Plots for Univariate Response Models,NA
influence plots,238,238,7,Plots for Univariate Response Models,NA
influencePlot(),238,238,7,Plots for Univariate Response Models,\texttt{influencePlot()}
influence plots,240,240,7,Plots for Univariate Response Models,NA
added-variable plots!influence,240,240,7,Plots for Univariate Response Models,NA
added-variable plots!influence,241,241,7,Plots for Univariate Response Models,NA
car,242,242,7,Plots for Univariate Response Models,\texttt{car} package
packages!car,242,242,7,Plots for Univariate Response Models,packages!\texttt{car}
performance,242,242,7,Plots for Univariate Response Models,\texttt{performance} package
packages!performance,242,242,7,Plots for Univariate Response Models,packages!\texttt{performance}
data space,244,244,8,Topics in Linear Models,NA
$\beta$ space,244,244,8,Topics in Linear Models,NA
data ellipse,244,244,8,Topics in Linear Models,NA
ordinary least squares,244,244,8,Topics in Linear Models,NA
duality,244,244,8,Topics in Linear Models,NA
confidence ellipse,246,246,8,Topics in Linear Models,NA
confidenceEllipse(),246,246,8,Topics in Linear Models,\texttt{confidenceEllipse()}
simultaneous inference,247,247,8,Topics in Linear Models,NA
ScheffÃ© confidence intervals,247,247,8,Topics in Linear Models,NA
Bonferroni correction,247,247,8,Topics in Linear Models,NA
confidence ellipse,248,248,8,Topics in Linear Models,NA
data space,248,248,8,Topics in Linear Models,NA
$\beta$ space,248,248,8,Topics in Linear Models,NA
measurement error,248,248,8,Topics in Linear Models,NA
Gauss-Markov theorem,248,248,8,Topics in Linear Models,NA
ordinary least squares!BLUE,248,248,8,Topics in Linear Models,NA
errors-in-variables,248,248,8,Topics in Linear Models,NA
measurement error quartet,250,250,8,Topics in Linear Models,NA
quartet!measurement error,250,250,8,Topics in Linear Models,NA
attenuation bias,250,250,8,Topics in Linear Models,NA
nest_by(),251,251,8,Topics in Linear Models,\texttt{nest\_by()}
mutate(),251,251,8,Topics in Linear Models,\texttt{mutate()}
measurement error,254,254,8,Topics in Linear Models,NA
uncertainty,254,254,8,Topics in Linear Models,NA
data space,254,254,8,Topics in Linear Models,NA
$\beta$ space,254,254,8,Topics in Linear Models,NA
measurement error,255,255,8,Topics in Linear Models,NA
VisCollin,257,257,9,Collinearity & Ridge Regression,\texttt{VisCollin} package
packages!VisCollin,257,257,9,Collinearity & Ridge Regression,packages!\texttt{VisCollin}
collinearity,257,257,9,Collinearity & Ridge Regression,NA
tableplots,257,257,9,Collinearity & Ridge Regression,NA
genridge,257,257,9,Collinearity & Ridge Regression,\texttt{genridge} package
packages!genridge,257,257,9,Collinearity & Ridge Regression,packages!\texttt{genridge}
collinearity,258,258,9,Collinearity & Ridge Regression,NA
ipsatized scores,260,260,9,Collinearity & Ridge Regression,NA
data space,261,261,9,Collinearity & Ridge Regression,NA
$\beta$ space,261,261,9,Collinearity & Ridge Regression,NA
dataEllipse(),262,262,9,Collinearity & Ridge Regression,\texttt{dataEllipse()}
confidenceEllipse(),262,262,9,Collinearity & Ridge Regression,\texttt{confidenceEllipse()}
variance inflation factor,264,264,9,Collinearity & Ridge Regression,NA
VIF,264,264,9,Collinearity & Ridge Regression,NA
collinearity!variance inflation factor,264,264,9,Collinearity & Ridge Regression,NA
variance inflation factor!generalized,265,265,9,Collinearity & Ridge Regression,NA
vif(),265,265,9,Collinearity & Ridge Regression,\texttt{vif()}
vif(),266,266,9,Collinearity & Ridge Regression,\texttt{vif()}
variance inflation factor,266,266,9,Collinearity & Ridge Regression,NA
VIF,266,266,9,Collinearity & Ridge Regression,NA
variance inflation factor!plot,267,267,9,Collinearity & Ridge Regression,NA
vif(),267,267,9,Collinearity & Ridge Regression,\texttt{vif()}
easystats,267,267,9,Collinearity & Ridge Regression,\texttt{easystats} package
packages!easystats,267,267,9,Collinearity & Ridge Regression,packages!\texttt{easystats}
check_collinearity(),267,267,9,Collinearity & Ridge Regression,\texttt{check\_collinearity()}
condition indices,268,268,9,Collinearity & Ridge Regression,NA
colldiag(),269,269,9,Collinearity & Ridge Regression,\texttt{colldiag()}
tableplots,270,270,9,Collinearity & Ridge Regression,NA
tableplots,270,270,9,Collinearity & Ridge Regression,NA
collinearity!biplot,271,271,9,Collinearity & Ridge Regression,NA
biplot!collinearity,271,271,9,Collinearity & Ridge Regression,NA
fviz_pca_biplot(),272,272,9,Collinearity & Ridge Regression,\texttt{fviz\_pca\_biplot()}
geom_text_repel(),272,272,9,Collinearity & Ridge Regression,\texttt{geom\_text\_repel()}
outliers,273,273,9,Collinearity & Ridge Regression,NA
collinearity!biplot,273,273,9,Collinearity & Ridge Regression,NA
biplot!collinearity,273,273,9,Collinearity & Ridge Regression,NA
collinearity!remedies for,274,274,9,Collinearity & Ridge Regression,NA
genridge,275,275,9,Collinearity & Ridge Regression,\texttt{genridge} package
packages!genridge,275,275,9,Collinearity & Ridge Regression,packages!\texttt{genridge}
centering!effect on collinearity,275,275,9,Collinearity & Ridge Regression,NA
collinearity!centering,275,275,9,Collinearity & Ridge Regression,NA
centering!effect on collinearity,276,276,9,Collinearity & Ridge Regression,NA
collinearity!centering,276,276,9,Collinearity & Ridge Regression,NA
Acetylene,277,277,9,Collinearity & Ridge Regression,\texttt{Acetylene} data
datasets!Acetylene,277,277,9,Collinearity & Ridge Regression,datasets!\texttt{Acetylene}
genridge,277,277,9,Collinearity & Ridge Regression,\texttt{genridge} package
packages!genridge,277,277,9,Collinearity & Ridge Regression,packages!\texttt{genridge}
rsm,277,277,9,Collinearity & Ridge Regression,\texttt  {rsm} package
packages!rsm,277,277,9,Collinearity & Ridge Regression,packages!\texttt  {rsm}
vif(),278,278,9,Collinearity & Ridge Regression,\texttt{vif()}
collinearity!remedies for,278,278,9,Collinearity & Ridge Regression,NA
collinearity,278,278,9,Collinearity & Ridge Regression,NA
ridge regression,278,278,9,Collinearity & Ridge Regression,NA
bias!ridge regression,278,278,9,Collinearity & Ridge Regression,NA
model selection,278,278,9,Collinearity & Ridge Regression,NA
LASSO,279,279,9,Collinearity & Ridge Regression,NA
LAR regression,279,279,9,Collinearity & Ridge Regression,NA
ridge trace plots!univariate,279,279,9,Collinearity & Ridge Regression,NA
locus of osculation,280,280,9,Collinearity & Ridge Regression,NA
ellipses!locus of osculation,280,280,9,Collinearity & Ridge Regression,NA
singular value decomposition,281,281,9,Collinearity & Ridge Regression,NA
MASS,281,281,9,Collinearity & Ridge Regression,\texttt{MASS} package
packages!MASS,281,281,9,Collinearity & Ridge Regression,packages!\texttt{MASS}
glmnet,281,281,9,Collinearity & Ridge Regression,\texttt{glmnet} package
packages!glmnet,281,281,9,Collinearity & Ridge Regression,packages!\texttt{glmnet}
penalized,281,281,9,Collinearity & Ridge Regression,\texttt{penalized} package
packages!penalized,281,281,9,Collinearity & Ridge Regression,packages!\texttt{penalized}
glmnet(),281,281,9,Collinearity & Ridge Regression,\texttt{glmnet()}
genridge,282,282,9,Collinearity & Ridge Regression,\texttt{genridge} package
packages!genridge,282,282,9,Collinearity & Ridge Regression,packages!\texttt{genridge}
ridge trace plots!univariate,282,282,9,Collinearity & Ridge Regression,NA
longley,282,282,9,Collinearity & Ridge Regression,\texttt{longley} data
datasets!longley,282,282,9,Collinearity & Ridge Regression,datasets!\texttt{longley}
LASSO,284,284,9,Collinearity & Ridge Regression,NA
model selection,284,284,9,Collinearity & Ridge Regression,NA
best subset regression,284,284,9,Collinearity & Ridge Regression,NA
ridge trace plots!univariate,285,285,9,Collinearity & Ridge Regression,NA
ridge trace plots!bivariate,285,285,9,Collinearity & Ridge Regression,NA
ridge trace plots!bivariate,286,286,9,Collinearity & Ridge Regression,NA
pca(),290,290,9,Collinearity & Ridge Regression,\texttt{pca()}
singular value decomposition,290,290,9,Collinearity & Ridge Regression,NA
ridge regression!biplot,290,290,9,Collinearity & Ridge Regression,NA
biplot!ridge regression,290,290,9,Collinearity & Ridge Regression,NA
ridge regression!biplot,291,291,9,Collinearity & Ridge Regression,NA
biplot!ridge regression,291,291,9,Collinearity & Ridge Regression,NA
ridge regression,291,291,9,Collinearity & Ridge Regression,NA
uncertainty,292,292,9,Collinearity & Ridge Regression,NA
Hotelling $T^2$,297,297,10,Hotelling's T^2,NA
variance-covariance matrix,298,298,10,Hotelling's T^2,NA
Mahalanobis distance,298,298,10,Hotelling's T^2,NA
linear combination,299,299,10,Hotelling's T^2,NA
eigenvalue,299,299,10,Hotelling's T^2,NA
Wilks lambda,299,299,10,Hotelling's T^2,NA
Pillai trace,299,299,10,Hotelling's T^2,NA
Roy maximum root test,299,299,10,Hotelling's T^2,NA
eigenvector,300,300,10,Hotelling's T^2,NA
discriminant analysis!coefficients,300,300,10,Hotelling's T^2,NA
exact test,300,300,10,Hotelling's T^2,NA
invariance!linear transformation,300,300,10,Hotelling's T^2,NA
pooled covariance matrix,300,300,10,Hotelling's T^2,NA
mathscore,300,300,10,Hotelling's T^2,\texttt{mathscore} data
datasets!mathscore,300,300,10,Hotelling's T^2,datasets!\texttt{mathscore}
heplots,300,300,10,Hotelling's T^2,\texttt{heplots} package
packages!heplots,300,300,10,Hotelling's T^2,packages!\texttt{heplots}
hotelling.test(),301,301,10,Hotelling's T^2,\texttt{hotelling.test()}
Anova(),301,301,10,Hotelling's T^2,\texttt{Anova()}
tidy.mlm(),301,301,10,Hotelling's T^2,\texttt{tidy.mlm()}
covEllipses(),302,302,10,Hotelling's T^2,\texttt{covEllipses()}
data ellipse,302,302,10,Hotelling's T^2,NA
discriminant analysis!axis,303,303,10,Hotelling's T^2,NA
Hotelling $T^2$,303,303,10,Hotelling's T^2,NA
HE plot,303,303,10,Hotelling's T^2,NA
hypothesis matrix,304,304,10,Hotelling's T^2,NA
sum of squares and products,304,304,10,Hotelling's T^2,NA
error matrix,305,305,10,Hotelling's T^2,NA
heplot(),305,305,10,Hotelling's T^2,\texttt{heplot()}
visual test of significance,305,305,10,Hotelling's T^2,NA
project_on(),306,306,10,Hotelling's T^2,\texttt{project\_on()}
HE plot,307,307,10,Hotelling's T^2,NA
discriminant analysis,307,307,10,Hotelling's T^2,NA
MASS,307,307,10,Hotelling's T^2,\texttt{MASS} package
packages!MASS,307,307,10,Hotelling's T^2,packages!\texttt{MASS}
discriminant analysis!linear,307,307,10,Hotelling's T^2,NA
prior probabilities,307,307,10,Hotelling's T^2,NA
discriminant analysis!scores,308,308,10,Hotelling's T^2,NA
violin plot,309,309,10,Hotelling's T^2,NA
discriminant analysis,309,309,10,Hotelling's T^2,NA
banknote,310,310,10,Hotelling's T^2,\texttt{banknote} data
datasets!banknote,310,310,10,Hotelling's T^2,datasets!\texttt{banknote}
mclust,310,310,10,Hotelling's T^2,\texttt{mclust} package
packages!mclust,310,310,10,Hotelling's T^2,packages!\texttt{mclust}
geom_jitter(),311,311,10,Hotelling's T^2,\texttt{geom\_jitter()}
biplot,312,312,10,Hotelling's T^2,NA
biplot,312,312,10,Hotelling's T^2,NA
multivariate test statistics,313,313,10,Hotelling's T^2,NA
Pillai trace,313,313,10,Hotelling's T^2,NA
Wilks lambda,313,313,10,Hotelling's T^2,NA
tidy.mlm(),314,314,10,Hotelling's T^2,\texttt{tidy.mlm()}
$\eta^2$,314,314,10,Hotelling's T^2,NA
coefficient of determination,314,314,10,Hotelling's T^2,NA
uniStats(),314,314,10,Hotelling's T^2,\texttt  {uniStats()}
etasq(),315,315,10,Hotelling's T^2,\texttt{etasq()}
effect size,315,315,10,Hotelling's T^2,NA
canonical discriminant analysis,315,315,10,Hotelling's T^2,NA
HE framework,315,315,10,Hotelling's T^2,NA
canonical space,315,315,10,Hotelling's T^2,NA
etasq(),315,315,10,Hotelling's T^2,\texttt  {etasq()}
eta_squared(),315,315,10,Hotelling's T^2,\texttt  {eta\_squared()}
multivariate linear model,319,319,11,Multivariate Linear Models,NA
VGAM,319,319,11,Multivariate Linear Models,\texttt  {VGAM} package
packages!VGAM,319,319,11,Multivariate Linear Models,packages!\texttt  {VGAM}
model matrix,321,321,11,Multivariate Linear Models,NA
multivariate linear model!assumptions,322,322,11,Multivariate Linear Models,NA
MVN,322,322,11,Multivariate Linear Models,\texttt{MVN} package
packages!MVN,322,322,11,Multivariate Linear Models,packages!\texttt{MVN}
cqplot(),322,322,11,Multivariate Linear Models,\texttt{cqplot()}
exogeneity,323,323,11,Multivariate Linear Models,NA
multivariate linear model!fitting,323,323,11,Multivariate Linear Models,NA
rlm(),324,324,11,Multivariate Linear Models,\texttt{rlm()}
robmlm(),324,324,11,Multivariate Linear Models,\texttt{robmlm()}
dogfood,324,324,11,Multivariate Linear Models,\texttt{dogfood} data
datasets!dogfood,324,324,11,Multivariate Linear Models,datasets!\texttt{dogfood}
Anova(),325,325,11,Multivariate Linear Models,\texttt{Anova()}
multivariate linear model!sums of squares,326,326,11,Multivariate Linear Models,NA
Anova(),327,327,11,Multivariate Linear Models,\texttt{Anova()}
multivariate linear model!test statistics,330,330,11,Multivariate Linear Models,NA
Anova(),331,331,11,Multivariate Linear Models,\texttt{Anova()}
etasq(),331,331,11,Multivariate Linear Models,\texttt{etasq()}
"eta squared, $\eta^2$",331,331,11,Multivariate Linear Models,NA
effect size,331,331,11,Multivariate Linear Models,NA
contrasts,331,331,11,Multivariate Linear Models,NA
linear hypotheses,331,331,11,Multivariate Linear Models,NA
nested dichotomies,332,332,11,Multivariate Linear Models,NA
linearHypothesis(),333,333,11,Multivariate Linear Models,\texttt{linearHypothesis()}
multivariate linear model,334,334,11,Multivariate Linear Models,NA
MANOVA,334,334,11,Multivariate Linear Models,NA
Parenting,336,336,11,Multivariate Linear Models,\texttt{Parenting} data
datasets!Parenting,336,336,11,Multivariate Linear Models,datasets!\texttt{Parenting}
summary.aov(),339,339,11,Multivariate Linear Models,\texttt{summary.aov()}
glance(),340,340,11,Multivariate Linear Models,\texttt{glance()}
Anova(),340,340,11,Multivariate Linear Models,\texttt{Anova()}
pluck(),341,341,11,Multivariate Linear Models,\texttt{pluck()}
linearHypothesis(),341,341,11,Multivariate Linear Models,\texttt{linearHypothesis()}
AddHealth,343,343,11,Multivariate Linear Models,\texttt{AddHealth} data
datasets!AddHealth,343,343,11,Multivariate Linear Models,datasets!\texttt{AddHealth}
Anova(),346,346,11,Multivariate Linear Models,\texttt{Anova()}
linearHypothesis(),346,346,11,Multivariate Linear Models,\texttt{linearHypothesis()}
MANOVA!factorial,348,348,11,Multivariate Linear Models,NA
uniStats(),349,349,11,Multivariate Linear Models,\texttt{uniStats()}
glance.mlm(),349,349,11,Multivariate Linear Models,\texttt{glance.mlm()}
ggplot2,349,349,11,Multivariate Linear Models,\texttt{ggplot2} package
packages!ggplot2,349,349,11,Multivariate Linear Models,packages!\texttt{ggplot2}
geom_errorbar(),349,349,11,Multivariate Linear Models,\texttt{geom\_errorbar()}
ggline(),349,349,11,Multivariate Linear Models,\texttt{ggline()}
geom_pwc(),349,349,11,Multivariate Linear Models,\texttt  {geom\_pwc()}
ggdist,349,349,11,Multivariate Linear Models,\texttt  {ggdist} package
packages!ggdist,349,349,11,Multivariate Linear Models,packages!\texttt  {ggdist}
uncertainty,349,349,11,Multivariate Linear Models,NA
MockJury,351,351,11,Multivariate Linear Models,\texttt{MockJury} data
datasets!MockJury,351,351,11,Multivariate Linear Models,datasets!\texttt{MockJury}
heplots,351,351,11,Multivariate Linear Models,\texttt{heplots} package
packages!heplots,351,351,11,Multivariate Linear Models,packages!\texttt{heplots}
MANOVA!factorial,352,352,11,Multivariate Linear Models,NA
MANOVA,352,352,11,Multivariate Linear Models,NA
multiple regression!multivariate,352,352,11,Multivariate Linear Models,NA
NLSY,353,353,11,Multivariate Linear Models,\texttt{NLSY} data
datasets!NLSY,353,353,11,Multivariate Linear Models,datasets!\texttt{NLSY}
noteworthy(),355,355,11,Multivariate Linear Models,\texttt{noteworthy()}
heplots,357,357,11,Multivariate Linear Models,\texttt{heplots} package
packages!heplots,357,357,11,Multivariate Linear Models,packages!\texttt{heplots}
coefplot.mlm(),357,357,11,Multivariate Linear Models,\texttt{coefplot.mlm()}
schooldata,360,360,11,Multivariate Linear Models,\texttt{schooldata} data
datasets!schooldata,360,360,11,Multivariate Linear Models,datasets!\texttt{schooldata}
schoolsites,360,360,11,Multivariate Linear Models,\texttt  {schoolsites} data
datasets!schoolsites,360,360,11,Multivariate Linear Models,datasets!\texttt  {schoolsites}
GGally,360,360,11,Multivariate Linear Models,\texttt  {GGally} package
packages!GGally,360,360,11,Multivariate Linear Models,packages!\texttt  {GGally}
multiple regression!multivariate,363,363,11,Multivariate Linear Models,NA
diagnostic plots!multivariate,363,363,11,Multivariate Linear Models,NA
multivariate normality,364,364,11,Multivariate Linear Models,NA
MVN,364,364,11,Multivariate Linear Models,\texttt{MVN} package
packages!MVN,364,364,11,Multivariate Linear Models,packages!\texttt{MVN}
multivariate normality,365,365,11,Multivariate Linear Models,NA
Mahalanobis distance,365,365,11,Multivariate Linear Models,NA
distance plot,365,365,11,Multivariate Linear Models,NA
distPlot(),365,365,11,Multivariate Linear Models,\texttt{distPlot()}
robust estimation,366,366,11,Multivariate Linear Models,NA
influence!multivariate,366,366,11,Multivariate Linear Models,NA
mvinfluence,366,366,11,Multivariate Linear Models,\texttt{mvinfluence} package
packages!mvinfluence,366,366,11,Multivariate Linear Models,packages!\texttt{mvinfluence}
influence!multivariate,368,368,11,Multivariate Linear Models,NA
diagnostic plots!multivariate,368,368,11,Multivariate Linear Models,NA
ANCOVA,368,368,11,Multivariate Linear Models,NA
MANCOVA,368,368,11,Multivariate Linear Models,NA
Rohwer,370,370,11,Multivariate Linear Models,\texttt{Rohwer} data
datasets!Rohwer,370,370,11,Multivariate Linear Models,datasets!\texttt{Rohwer}
uniStats(),372,372,11,Multivariate Linear Models,\texttt{uniStats()}
MANCOVA!adjusted means,373,373,11,Multivariate Linear Models,NA
MANCOVA!homogeneity of regression,374,374,11,Multivariate Linear Models,NA
MANCOVA!homogeneity of regression,374,374,11,Multivariate Linear Models,NA
MANCOVA,375,375,11,Multivariate Linear Models,NA
HE plot,378,378,12,Visualizing Multivariate Models,NA
contrasts,378,378,12,Visualizing Multivariate Models,NA
canonical discriminant analysis,378,378,12,Visualizing Multivariate Models,NA
heplots,378,378,12,Visualizing Multivariate Models,\texttt{heplots} package
packages!heplots,378,378,12,Visualizing Multivariate Models,packages!\texttt{heplots}
candisc,378,378,12,Visualizing Multivariate Models,\texttt{candisc} package
packages!candisc,378,378,12,Visualizing Multivariate Models,packages!\texttt{candisc}
heplots,378,378,12,Visualizing Multivariate Models,\texttt{heplots} package
packages!heplots,378,378,12,Visualizing Multivariate Models,packages!\texttt{heplots}
heplots,378,378,12,Visualizing Multivariate Models,\texttt  {heplots} package
packages!heplots,378,378,12,Visualizing Multivariate Models,packages!\texttt  {heplots}
dogfood,379,379,12,Visualizing Multivariate Models,\texttt{dogfood} data
datasets!dogfood,379,379,12,Visualizing Multivariate Models,datasets!\texttt{dogfood}
quartets!dogfood,379,379,12,Visualizing Multivariate Models,NA
data space,379,379,12,Visualizing Multivariate Models,NA
canonical space,380,380,12,Visualizing Multivariate Models,NA
sum of squares and products,380,380,12,Visualizing Multivariate Models,NA
effect size scaling,381,381,12,Visualizing Multivariate Models,NA
significance scaling,381,381,12,Visualizing Multivariate Models,NA
glance(),385,385,12,Visualizing Multivariate Models,\texttt{glance()}
uniStats(),385,385,12,Visualizing Multivariate Models,\texttt{uniStats()}
etasq(),385,385,12,Visualizing Multivariate Models,\texttt{etasq()}
significance scaling,386,386,12,Visualizing Multivariate Models,NA
visual test of significance,386,386,12,Visualizing Multivariate Models,NA
Roy maximum root test,387,387,12,Visualizing Multivariate Models,NA
significance scaling,387,387,12,Visualizing Multivariate Models,NA
linear hypothesis,387,387,12,Visualizing Multivariate Models,NA
orthogonal contrasts,387,387,12,Visualizing Multivariate Models,NA
linearHypothesis(),387,387,12,Visualizing Multivariate Models,\texttt{linearHypothesis()}
heplot(),387,387,12,Visualizing Multivariate Models,\texttt{heplot()}
heplots,389,389,12,Visualizing Multivariate Models,\texttt{heplots} package
packages!heplots,389,389,12,Visualizing Multivariate Models,packages!\texttt{heplots}
HE plot!matrix,389,389,12,Visualizing Multivariate Models,NA
conjugate axes,389,389,12,Visualizing Multivariate Models,NA
canonical discriminant analysis,391,391,12,Visualizing Multivariate Models,NA
candisc,391,391,12,Visualizing Multivariate Models,\texttt{candisc} package
packages!candisc,391,391,12,Visualizing Multivariate Models,packages!\texttt{candisc}
Wilks lambda,391,391,12,Visualizing Multivariate Models,NA
canonical correlation,392,392,12,Visualizing Multivariate Models,NA
canonical structure coefficients,392,392,12,Visualizing Multivariate Models,NA
canonical scores,393,393,12,Visualizing Multivariate Models,NA
canonical discriminant analysis,395,395,12,Visualizing Multivariate Models,NA
factorial MANOVA,396,396,12,Visualizing Multivariate Models,NA
MANOVA!factorial,396,396,12,Visualizing Multivariate Models,NA
interaction,396,396,12,Visualizing Multivariate Models,NA
termMeans(),396,396,12,Visualizing Multivariate Models,\texttt{termMeans()}
lines(),396,396,12,Visualizing Multivariate Models,\texttt{lines()}
factorial MANOVA,401,401,12,Visualizing Multivariate Models,NA
multivariate multiple regression,401,401,12,Visualizing Multivariate Models,NA
joint linear hypothesis,401,401,12,Visualizing Multivariate Models,NA
roblm(),403,403,12,Visualizing Multivariate Models,\texttt  {roblm()}
multivariate multiple regression,405,405,12,Visualizing Multivariate Models,NA
canonical correlation analysis,405,405,12,Visualizing Multivariate Models,NA
canonical variates,406,406,12,Visualizing Multivariate Models,NA
eigenvalue!generalized,407,407,12,Visualizing Multivariate Models,NA
cancor(),407,407,12,Visualizing Multivariate Models,\texttt{cancor()}
canonical correlation analysis,410,410,12,Visualizing Multivariate Models,NA
MANCOVA,411,411,12,Visualizing Multivariate Models,NA
homogeneity of regression,413,413,12,Visualizing Multivariate Models,NA
heterogeneous regression,413,413,12,Visualizing Multivariate Models,NA
MANCOVA,414,414,12,Visualizing Multivariate Models,NA
covariance matrices!equality,417,417,13,Visualizing Equality of Covariance Matrices,NA
covariance matrices!heterogeneity,417,417,13,Visualizing Equality of Covariance Matrices,NA
discriminant analysis!quadratic,417,417,13,Visualizing Equality of Covariance Matrices,NA
heplots,418,418,13,Visualizing Equality of Covariance Matrices,\texttt{heplots} package
packages!heplots,418,418,13,Visualizing Equality of Covariance Matrices,packages!\texttt{heplots}
homogeneity of variance,418,418,13,Visualizing Equality of Covariance Matrices,NA
Levene's test,419,419,13,Visualizing Equality of Covariance Matrices,NA
Brown-Forsythe test,419,419,13,Visualizing Equality of Covariance Matrices,NA
colDevs(),419,419,13,Visualizing Equality of Covariance Matrices,\texttt{colDevs()}
leveneTest(),419,419,13,Visualizing Equality of Covariance Matrices,\texttt{leveneTest()}
Levene's test,422,422,13,Visualizing Equality of Covariance Matrices,NA
data ellipse,423,423,13,Visualizing Equality of Covariance Matrices,NA
peng,423,423,13,Visualizing Equality of Covariance Matrices,\texttt{peng} data
datasets!peng,423,423,13,Visualizing Equality of Covariance Matrices,datasets!\texttt{peng}
covEllipses(),423,423,13,Visualizing Equality of Covariance Matrices,\texttt{covEllipses()}
centered ellipses,423,423,13,Visualizing Equality of Covariance Matrices,NA
pooled covariance matrix,423,423,13,Visualizing Equality of Covariance Matrices,NA
peng,424,424,13,Visualizing Equality of Covariance Matrices,\texttt{peng} data
datasets!peng,424,424,13,Visualizing Equality of Covariance Matrices,datasets!\texttt{peng}
Box's M test,426,426,13,Visualizing Equality of Covariance Matrices,NA
likelihood-ratio test,426,426,13,Visualizing Equality of Covariance Matrices,NA
log determinant,426,426,13,Visualizing Equality of Covariance Matrices,NA
principal components,429,429,13,Visualizing Equality of Covariance Matrices,NA
generalized variance,431,431,13,Visualizing Equality of Covariance Matrices,NA
precision matrix,431,431,13,Visualizing Equality of Covariance Matrices,NA
eigenvalue!maximum,431,431,13,Visualizing Equality of Covariance Matrices,NA
heplots,431,431,13,Visualizing Equality of Covariance Matrices,\texttt{heplots} package
packages!heplots,431,431,13,Visualizing Equality of Covariance Matrices,packages!\texttt{heplots}
heplots,432,432,13,Visualizing Equality of Covariance Matrices,\texttt{heplots} package
packages!heplots,432,432,13,Visualizing Equality of Covariance Matrices,packages!\texttt{heplots}
Box's M test,433,433,13,Visualizing Equality of Covariance Matrices,NA
Levene's test!multivariate,433,433,13,Visualizing Equality of Covariance Matrices,NA
MANOVA,433,433,13,Visualizing Equality of Covariance Matrices,NA
HE plot,433,433,13,Visualizing Equality of Covariance Matrices,NA
canonical discriminant analysis,433,433,13,Visualizing Equality of Covariance Matrices,NA
canonical structure coefficients,435,435,13,Visualizing Equality of Covariance Matrices,NA
canonical discriminant analysis,435,435,13,Visualizing Equality of Covariance Matrices,NA
Levene's test!multivariate,435,435,13,Visualizing Equality of Covariance Matrices,NA
covariance matrices!equality,435,435,13,Visualizing Equality of Covariance Matrices,NA
covariance matrices!heterogeneity,435,435,13,Visualizing Equality of Covariance Matrices,NA
influential observations,437,437,14,Multivariate Influence and Robust Estimation,NA
outliers,437,437,14,Multivariate Influence and Robust Estimation,NA
stats,437,437,14,Multivariate Influence and Robust Estimation,\texttt{stats} package
packages!stats,437,437,14,Multivariate Influence and Robust Estimation,packages!\texttt{stats}
car,437,437,14,Multivariate Influence and Robust Estimation,\texttt{car} package
packages!car,437,437,14,Multivariate Influence and Robust Estimation,packages!\texttt{car}
olsrr,437,437,14,Multivariate Influence and Robust Estimation,\texttt  {olsrr} package
packages!olsrr,437,437,14,Multivariate Influence and Robust Estimation,packages!\texttt  {olsrr}
HLMdiag,437,437,14,Multivariate Influence and Robust Estimation,\texttt  {HLMdiag} package
packages!HLMdiag,437,437,14,Multivariate Influence and Robust Estimation,packages!\texttt  {HLMdiag}
hlm_influence(),437,437,14,Multivariate Influence and Robust Estimation,\texttt  {hlm\_influence()}
hlm_augment(),437,437,14,Multivariate Influence and Robust Estimation,\texttt  {hlm\_augment()}
mvinfluence,438,438,14,Multivariate Influence and Robust Estimation,\texttt{mvinfluence} package
packages!mvinfluence,438,438,14,Multivariate Influence and Robust Estimation,packages!\texttt{mvinfluence}
case deletion,438,438,14,Multivariate Influence and Robust Estimation,NA
hat matrix,439,439,14,Multivariate Influence and Robust Estimation,NA
leverage,439,439,14,Multivariate Influence and Robust Estimation,NA
Cook's distance,439,439,14,Multivariate Influence and Robust Estimation,NA
Cook's distance,439,439,14,Multivariate Influence and Robust Estimation,NA
Cook's distance!multivariate,439,439,14,Multivariate Influence and Robust Estimation,NA
studentized residuals,440,440,14,Multivariate Influence and Robust Estimation,NA
mvinfluence,440,440,14,Multivariate Influence and Robust Estimation,\texttt{mvinfluence} package
packages!mvinfluence,440,440,14,Multivariate Influence and Robust Estimation,packages!\texttt{mvinfluence}
cooks.distance.lm(),441,441,14,Multivariate Influence and Robust Estimation,\texttt{cooks.distance.lm()}
cooks.distance.mlm(),441,441,14,Multivariate Influence and Robust Estimation,\texttt{cooks.distance.mlm()}
influence plot,442,442,14,Multivariate Influence and Robust Estimation,NA
influencePlot.mlm(),442,442,14,Multivariate Influence and Robust Estimation,\texttt{influencePlot.mlm()}
DFBETAS,444,444,14,Multivariate Influence and Robust Estimation,NA
dfbetas(),444,444,14,Multivariate Influence and Robust Estimation,\texttt{dfbetas()}
Cook's distance,445,445,14,Multivariate Influence and Robust Estimation,NA
NLSY,445,445,14,Multivariate Influence and Robust Estimation,\texttt{NLSY} data
datasets!NLSY,445,445,14,Multivariate Influence and Robust Estimation,datasets!\texttt{NLSY}
heplots,445,445,14,Multivariate Influence and Robust Estimation,\texttt{heplots} package
packages!heplots,445,445,14,Multivariate Influence and Robust Estimation,packages!\texttt{heplots}
influential observations,448,448,14,Multivariate Influence and Robust Estimation,NA
robust estimation,449,449,14,Multivariate Influence and Robust Estimation,NA
weighted least squares,449,449,14,Multivariate Influence and Robust Estimation,NA
robust estimation!S-estimator,449,449,14,Multivariate Influence and Robust Estimation,NA
robust estimation!MM-estimator,449,449,14,Multivariate Influence and Robust Estimation,NA
M-estimators,450,450,14,Multivariate Influence and Robust Estimation,NA
robmlm(),450,450,14,Multivariate Influence and Robust Estimation,\texttt{robmlm()}
biweight function,450,450,14,Multivariate Influence and Robust Estimation,NA
psi.bisquare(),450,450,14,Multivariate Influence and Robust Estimation,\texttt{psi.bisquare()}
iteratively reweighted least squares,450,450,14,Multivariate Influence and Robust Estimation,NA
robmlm(),450,450,14,Multivariate Influence and Robust Estimation,\texttt{robmlm()}
rlm(),450,450,14,Multivariate Influence and Robust Estimation,\texttt{rlm()}
rel_diff(),451,451,14,Multivariate Influence and Robust Estimation,\texttt{rel\_diff()}
robust estimation,452,452,14,Multivariate Influence and Robust Estimation,NA
lm(),455,455,15,Discriminant analysis,\texttt{lm()}
lda(),455,455,15,Discriminant analysis,\texttt{lda()}
candisc(),456,456,15,Discriminant analysis,\texttt  {candisc()}
candiscList(),456,456,15,Discriminant analysis,\texttt  {candiscList()}
qda(),458,458,15,Discriminant analysis,\texttt{qda()}
mda,458,458,15,Discriminant analysis,\texttt  {mda} package
packages!mda,458,458,15,Discriminant analysis,packages!\texttt  {mda}
mda(),458,458,15,Discriminant analysis,\texttt  {mda()}
fda(),458,458,15,Discriminant analysis,\texttt  {fda()}
lda(),458,458,15,Discriminant analysis,\texttt  {lda()}
lda(),460,460,15,Discriminant analysis,\texttt{lda()}
predict.lda(),461,461,15,Discriminant analysis,\texttt{predict.lda()}
cross validatation,462,462,15,Discriminant analysis,NA
MASS,463,463,15,Discriminant analysis,\texttt{MASS} package
packages!MASS,463,463,15,Discriminant analysis,packages!\texttt{MASS}
candisc,463,463,15,Discriminant analysis,\texttt{candisc} package
packages!candisc,463,463,15,Discriminant analysis,packages!\texttt{candisc}
predict_discrim(),463,463,15,Discriminant analysis,\texttt{predict\_discrim()}
predict.lda(),463,463,15,Discriminant analysis,\texttt{predict.lda()}
cor_lda(),463,463,15,Discriminant analysis,\texttt{cor\_lda()}
scores.lda(),463,463,15,Discriminant analysis,\texttt{scores.lda()}
scores(),463,463,15,Discriminant analysis,\texttt{scores()}
predict_discrim(),463,463,15,Discriminant analysis,\texttt{predict\_discrim()}
geom_text(),464,464,15,Discriminant analysis,\texttt{geom\_text()}
geom_label(),464,464,15,Discriminant analysis,\texttt{geom\_label()}
geom_label(),464,464,15,Discriminant analysis,\texttt{geom\_label()}
predict_discrim(),464,464,15,Discriminant analysis,\texttt{predict\_discrim()}
MASS,465,465,15,Discriminant analysis,\texttt{MASS} package
packages!MASS,465,465,15,Discriminant analysis,packages!\texttt{MASS}
plot.lda(),465,465,15,Discriminant analysis,\texttt{plot.lda()}
predict_discrim(),465,465,15,Discriminant analysis,\texttt{predict\_discrim()}
predict_discrim(),468,468,15,Discriminant analysis,\texttt{predict\_discrim()}
dataEllipse(),468,468,15,Discriminant analysis,\texttt{dataEllipse()}
geom_tile(),468,468,15,Discriminant analysis,\texttt{geom\_tile()}
geom_contour(),468,468,15,Discriminant analysis,\texttt{geom\_contour()}
partimat(),469,469,15,Discriminant analysis,\texttt{partimat()}
lda(),469,469,15,Discriminant analysis,\texttt{lda()}
qda(),469,469,15,Discriminant analysis,\texttt{qda()}
rpart(),469,469,15,Discriminant analysis,\texttt{rpart()}
naiveBayes(),469,469,15,Discriminant analysis,\texttt{naiveBayes()}
ggplot2,469,469,15,Discriminant analysis,\texttt{ggplot2} package
packages!ggplot2,469,469,15,Discriminant analysis,packages!\texttt{ggplot2}
datagrid(),469,469,15,Discriminant analysis,\texttt{datagrid()}
partimat(),469,469,15,Discriminant analysis,\texttt  {partimat()}
geom_tile(),470,470,15,Discriminant analysis,\texttt{geom\_tile()}
plot_discrim(),472,472,15,Discriminant analysis,\texttt{plot\_discrim()}
geom_vector(),475,475,15,Discriminant analysis,\texttt{geom\_vector()}
coord_equal(),475,475,15,Discriminant analysis,\texttt{coord\_equal()}
candisc,476,476,15,Discriminant analysis,\texttt{candisc} package
packages!candisc,476,476,15,Discriminant analysis,packages!\texttt{candisc}
qda(),479,479,15,Discriminant analysis,\texttt{qda()}
lda(),479,479,15,Discriminant analysis,\texttt{lda()}
